-- EventSphere Supabase schema
-- Run this whole file in the Supabase SQL Editor for a fresh demo database.

-- Drop child tables first.
DROP TABLE IF EXISTS public.payments;
DROP TABLE IF EXISTS public.tickets;
DROP TABLE IF EXISTS public.reviews;
DROP TABLE IF EXISTS public.wishlist;
DROP TABLE IF EXISTS public.bookings;
DROP TABLE IF EXISTS public.event_organizers;
DROP TABLE IF EXISTS public.event_categories;
DROP TABLE IF EXISTS public.events;
DROP TABLE IF EXISTS public.organizers;
DROP TABLE IF EXISTS public.categories;
DROP TABLE IF EXISTS public.users;

DROP FUNCTION IF EXISTS public.event_sales_report();
DROP FUNCTION IF EXISTS public.event_rating_summary();
DROP FUNCTION IF EXISTS public.sync_user_name();
DROP FUNCTION IF EXISTS public.sync_category_name();
DROP FUNCTION IF EXISTS public.sync_organizer_name();

CREATE TABLE public.users (
  user_id BIGINT GENERATED BY DEFAULT AS IDENTITY PRIMARY KEY,
  name TEXT NOT NULL CHECK (length(btrim(name)) > 0),
  first_name TEXT,
  last_name TEXT,
  email TEXT NOT NULL UNIQUE CHECK (email ~* '^[^[:space:]@]+@[^[:space:]@]+\.[^[:space:]@]+$'),
  phone TEXT NOT NULL CHECK (length(btrim(phone)) >= 7),
  password TEXT NOT NULL CHECK (length(password) >= 6),
  created_at TIMESTAMPTZ NOT NULL DEFAULT now()
);

CREATE TABLE public.categories (
  category_id BIGINT GENERATED BY DEFAULT AS IDENTITY PRIMARY KEY,
  category_name TEXT NOT NULL UNIQUE CHECK (length(btrim(category_name)) > 0),
  name TEXT UNIQUE,
  description TEXT,
  created_at TIMESTAMPTZ NOT NULL DEFAULT now()
);

CREATE TABLE public.organizers (
  organizer_id BIGINT GENERATED BY DEFAULT AS IDENTITY PRIMARY KEY,
  organizer_name TEXT NOT NULL CHECK (length(btrim(organizer_name)) > 0),
  name TEXT,
  email TEXT NOT NULL UNIQUE CHECK (email ~* '^[^[:space:]@]+@[^[:space:]@]+\.[^[:space:]@]+$'),
  phone TEXT NOT NULL CHECK (length(btrim(phone)) >= 7),
  company TEXT,
  bio TEXT,
  created_at TIMESTAMPTZ NOT NULL DEFAULT now(),
  UNIQUE (organizer_name, email)
);

CREATE TABLE public.events (
  event_id BIGINT GENERATED BY DEFAULT AS IDENTITY PRIMARY KEY,
  title TEXT NOT NULL CHECK (length(btrim(title)) > 0),
  venue TEXT NOT NULL CHECK (length(btrim(venue)) > 0),
  event_date TIMESTAMPTZ NOT NULL,
  price NUMERIC(10, 2) NOT NULL DEFAULT 0 CHECK (price >= 0),
  available_seats INTEGER NOT NULL DEFAULT 0 CHECK (available_seats >= 0),
  description TEXT,
  created_at TIMESTAMPTZ NOT NULL DEFAULT now(),
  UNIQUE (title, venue, event_date)
);

CREATE TABLE public.event_categories (
  event_category_id BIGINT GENERATED BY DEFAULT AS IDENTITY PRIMARY KEY,
  event_id BIGINT NOT NULL REFERENCES public.events(event_id) ON DELETE CASCADE,
  category_id BIGINT NOT NULL REFERENCES public.categories(category_id) ON DELETE CASCADE,
  created_at TIMESTAMPTZ NOT NULL DEFAULT now(),
  UNIQUE (event_id, category_id)
);

CREATE TABLE public.event_organizers (
  event_organizer_id BIGINT GENERATED BY DEFAULT AS IDENTITY PRIMARY KEY,
  event_id BIGINT NOT NULL REFERENCES public.events(event_id) ON DELETE CASCADE,
  organizer_id BIGINT NOT NULL REFERENCES public.organizers(organizer_id) ON DELETE CASCADE,
  created_at TIMESTAMPTZ NOT NULL DEFAULT now(),
  UNIQUE (event_id, organizer_id)
);

CREATE TABLE public.bookings (
  booking_id BIGINT GENERATED BY DEFAULT AS IDENTITY PRIMARY KEY,
  user_id BIGINT NOT NULL REFERENCES public.users(user_id) ON DELETE CASCADE,
  event_id BIGINT NOT NULL REFERENCES public.events(event_id) ON DELETE CASCADE,
  quantity INTEGER NOT NULL DEFAULT 1 CHECK (quantity > 0),
  num_tickets INTEGER NOT NULL DEFAULT 1 CHECK (num_tickets > 0),
  booking_date TIMESTAMPTZ NOT NULL DEFAULT now(),
  CHECK (quantity = num_tickets)
);

CREATE TABLE public.wishlist (
  wishlist_id BIGINT GENERATED BY DEFAULT AS IDENTITY PRIMARY KEY,
  user_id BIGINT NOT NULL REFERENCES public.users(user_id) ON DELETE CASCADE,
  event_id BIGINT NOT NULL REFERENCES public.events(event_id) ON DELETE CASCADE,
  added_at TIMESTAMPTZ NOT NULL DEFAULT now(),
  UNIQUE (user_id, event_id)
);

CREATE TABLE public.reviews (
  review_id BIGINT GENERATED BY DEFAULT AS IDENTITY PRIMARY KEY,
  user_id BIGINT NOT NULL REFERENCES public.users(user_id) ON DELETE CASCADE,
  event_id BIGINT NOT NULL REFERENCES public.events(event_id) ON DELETE CASCADE,
  rating INTEGER NOT NULL CHECK (rating BETWEEN 1 AND 5),
  comment TEXT NOT NULL DEFAULT '' CHECK (length(comment) <= 500),
  created_at TIMESTAMPTZ NOT NULL DEFAULT now(),
  UNIQUE (user_id, event_id)
);

CREATE TABLE public.tickets (
  ticket_id BIGINT GENERATED BY DEFAULT AS IDENTITY PRIMARY KEY,
  booking_id BIGINT NOT NULL REFERENCES public.bookings(booking_id) ON DELETE CASCADE,
  event_id BIGINT NOT NULL REFERENCES public.events(event_id) ON DELETE CASCADE,
  seat_number INTEGER NOT NULL CHECK (seat_number > 0),
  qr_code TEXT NOT NULL UNIQUE CHECK (length(btrim(qr_code)) > 0),
  created_at TIMESTAMPTZ NOT NULL DEFAULT now(),
  UNIQUE (event_id, seat_number)
);

CREATE TABLE public.payments (
  payment_id BIGINT GENERATED BY DEFAULT AS IDENTITY PRIMARY KEY,
  booking_id BIGINT NOT NULL UNIQUE REFERENCES public.bookings(booking_id) ON DELETE CASCADE,
  amount NUMERIC(10, 2) NOT NULL CHECK (amount >= 0),
  payment_status TEXT NOT NULL DEFAULT 'pending' CHECK (payment_status IN ('pending', 'paid', 'failed')),
  created_at TIMESTAMPTZ NOT NULL DEFAULT now()
);

CREATE OR REPLACE FUNCTION public.sync_user_name()
RETURNS trigger
LANGUAGE plpgsql
AS $$
BEGIN
  IF NULLIF(btrim(NEW.name), '') IS NULL THEN
    NEW.name := btrim(concat_ws(' ', NULLIF(NEW.first_name, ''), NULLIF(NEW.last_name, '')));
  END IF;
  RETURN NEW;
END;
$$;

CREATE OR REPLACE FUNCTION public.sync_category_name()
RETURNS trigger
LANGUAGE plpgsql
AS $$
BEGIN
  IF NULLIF(btrim(NEW.category_name), '') IS NULL THEN
    NEW.category_name := NEW.name;
  END IF;
  IF NULLIF(btrim(NEW.name), '') IS NULL THEN
    NEW.name := NEW.category_name;
  END IF;
  RETURN NEW;
END;
$$;

CREATE OR REPLACE FUNCTION public.sync_organizer_name()
RETURNS trigger
LANGUAGE plpgsql
AS $$
BEGIN
  IF NULLIF(btrim(NEW.organizer_name), '') IS NULL THEN
    NEW.organizer_name := NEW.name;
  END IF;
  IF NULLIF(btrim(NEW.name), '') IS NULL THEN
    NEW.name := NEW.organizer_name;
  END IF;
  RETURN NEW;
END;
$$;

CREATE TRIGGER trg_sync_user_name
BEFORE INSERT OR UPDATE ON public.users
FOR EACH ROW EXECUTE FUNCTION public.sync_user_name();

CREATE TRIGGER trg_sync_category_name
BEFORE INSERT OR UPDATE ON public.categories
FOR EACH ROW EXECUTE FUNCTION public.sync_category_name();

CREATE TRIGGER trg_sync_organizer_name
BEFORE INSERT OR UPDATE ON public.organizers
FOR EACH ROW EXECUTE FUNCTION public.sync_organizer_name();

CREATE INDEX idx_event_categories_event_id ON public.event_categories(event_id);
CREATE INDEX idx_event_categories_category_id ON public.event_categories(category_id);
CREATE INDEX idx_event_organizers_event_id ON public.event_organizers(event_id);
CREATE INDEX idx_event_organizers_organizer_id ON public.event_organizers(organizer_id);
CREATE INDEX idx_bookings_user_id ON public.bookings(user_id);
CREATE INDEX idx_bookings_event_id ON public.bookings(event_id);
CREATE INDEX idx_wishlist_user_id ON public.wishlist(user_id);
CREATE INDEX idx_wishlist_event_id ON public.wishlist(event_id);
CREATE INDEX idx_reviews_user_id ON public.reviews(user_id);
CREATE INDEX idx_reviews_event_id ON public.reviews(event_id);
CREATE INDEX idx_tickets_booking_id ON public.tickets(booking_id);
CREATE INDEX idx_tickets_event_id ON public.tickets(event_id);
CREATE INDEX idx_events_event_date ON public.events(event_date);

CREATE OR REPLACE FUNCTION public.event_rating_summary()
RETURNS TABLE (
  event_id BIGINT,
  title TEXT,
  average_rating NUMERIC,
  total_reviews BIGINT
)
LANGUAGE sql
STABLE
AS $$
  SELECT
    e.event_id,
    e.title,
    COALESCE(round(avg(r.rating)::numeric, 1), 0) AS average_rating,
    count(r.review_id) AS total_reviews
  FROM public.events e
  LEFT JOIN public.reviews r ON r.event_id = e.event_id
  GROUP BY e.event_id, e.title
  ORDER BY e.event_id;
$$;

CREATE OR REPLACE FUNCTION public.event_sales_report()
RETURNS TABLE (
  event_id BIGINT,
  title TEXT,
  tickets_booked BIGINT,
  gross_amount NUMERIC,
  paid_amount NUMERIC
)
LANGUAGE sql
STABLE
AS $$
  SELECT
    e.event_id,
    e.title,
    COALESCE(sum(b.quantity), 0)::bigint AS tickets_booked,
    COALESCE(sum(b.quantity * e.price), 0)::numeric AS gross_amount,
    COALESCE(sum(CASE WHEN p.payment_status = 'paid' THEN p.amount ELSE 0 END), 0)::numeric AS paid_amount
  FROM public.events e
  LEFT JOIN public.bookings b ON b.event_id = e.event_id
  LEFT JOIN public.payments p ON p.booking_id = b.booking_id
  GROUP BY e.event_id, e.title
  ORDER BY e.event_id;
$$;

-- Demo data.
INSERT INTO public.users (user_id, name, first_name, last_name, email, phone, password) VALUES
  (1, 'Ali Ahmed', 'Ali', 'Ahmed', 'ali.ahmed@example.com', '03000000001', 'password123'),
  (2, 'Ahmed Khan', 'Ahmed', 'Khan', 'ahmed.khan@example.com', '03000000002', 'password123'),
  (3, 'Fatima Ali', 'Fatima', 'Ali', 'fatima.ali@example.com', '03000000003', 'password123');

INSERT INTO public.categories (category_id, category_name, name, description) VALUES
  (1, 'Technology', 'Technology', 'Tech conferences, workshops, and summits'),
  (2, 'Music', 'Music', 'Music festivals and concerts'),
  (3, 'Business', 'Business', 'Business networking and conferences'),
  (4, 'Education', 'Education', 'Workshops and training sessions'),
  (5, 'Sports', 'Sports', 'Sports events and tournaments');

INSERT INTO public.organizers (organizer_id, organizer_name, name, email, phone, company, bio) VALUES
  (1, 'Ahmed Khan', 'Ahmed Khan', 'ahmed@techsummit.pk', '+92-300-1234567', 'TechSummit Pakistan', 'Tech event organizer with 10+ years experience'),
  (2, 'Fatima Ali', 'Fatima Ali', 'fatima@businessevents.pk', '+92-300-2345678', 'Business Events Co.', 'Professional business event organizer'),
  (3, 'Hassan Malik', 'Hassan Malik', 'hassan@musicfest.pk', '+92-300-3456789', 'Music Festival Productions', 'Renowned music festival organizer');

INSERT INTO public.events (event_id, title, venue, event_date, price, available_seats, description) VALUES
  (1, 'Tech Summit 2026', 'Karachi Convention Center', '2026-07-15 10:00:00+05', 5000, 500, 'Talks and networking across AI, Web, and cloud computing.'),
  (2, 'Business Networking Gala', 'Lahore Serena Hotel', '2026-08-20 19:00:00+05', 3500, 300, 'A premium networking event for founders, investors, and operators.'),
  (3, 'Music Festival 2026', 'Islamabad Sports Complex', '2026-09-10 18:00:00+05', 2500, 5000, 'Live performances, food courts, merchandise, and VIP lounges.'),
  (4, 'Digital Marketing Workshop', 'Peshawar Business Hub', '2026-07-25 11:00:00+05', 1500, 200, 'Hands-on SEO, SEM, social media, and analytics training.'),
  (5, 'Startup Pitch Competition', 'Multan Innovation Center', '2026-08-05 13:00:00+05', 800, 400, 'Pitch startup ideas to investors and compete for prizes.');

INSERT INTO public.event_categories (event_id, category_id) VALUES
  (1, 1),
  (2, 3),
  (3, 2),
  (4, 4),
  (5, 4);

INSERT INTO public.event_organizers (event_id, organizer_id) VALUES
  (1, 1),
  (2, 2),
  (3, 3),
  (4, 2),
  (5, 2);

INSERT INTO public.bookings (booking_id, user_id, event_id, quantity, num_tickets, booking_date) VALUES
  (1, 1, 1, 2, 2, now() - interval '2 days'),
  (2, 2, 3, 1, 1, now() - interval '1 day');

INSERT INTO public.tickets (booking_id, event_id, seat_number, qr_code) VALUES
  (1, 1, 1, 'EVT-1-SEAT-1'),
  (1, 1, 2, 'EVT-1-SEAT-2'),
  (2, 3, 1, 'EVT-3-SEAT-1');

INSERT INTO public.payments (booking_id, amount, payment_status) VALUES
  (1, 10000, 'paid'),
  (2, 2500, 'pending');

INSERT INTO public.wishlist (user_id, event_id) VALUES
  (1, 3),
  (2, 1);

INSERT INTO public.reviews (user_id, event_id, rating, comment) VALUES
  (1, 1, 5, 'Amazing event! Great speakers and networking opportunities.'),
  (2, 1, 4, 'Good event, but could have been better organized.'),
  (3, 3, 5, 'Best music festival ever! Outstanding performances.'),
  (2, 4, 4, 'Great workshop, very informative content.');

SELECT setval(pg_get_serial_sequence('public.users', 'user_id'), (SELECT max(user_id) FROM public.users));
SELECT setval(pg_get_serial_sequence('public.categories', 'category_id'), (SELECT max(category_id) FROM public.categories));
SELECT setval(pg_get_serial_sequence('public.organizers', 'organizer_id'), (SELECT max(organizer_id) FROM public.organizers));
SELECT setval(pg_get_serial_sequence('public.events', 'event_id'), (SELECT max(event_id) FROM public.events));
SELECT setval(pg_get_serial_sequence('public.event_categories', 'event_category_id'), (SELECT max(event_category_id) FROM public.event_categories));
SELECT setval(pg_get_serial_sequence('public.event_organizers', 'event_organizer_id'), (SELECT max(event_organizer_id) FROM public.event_organizers));
SELECT setval(pg_get_serial_sequence('public.bookings', 'booking_id'), (SELECT max(booking_id) FROM public.bookings));
SELECT setval(pg_get_serial_sequence('public.tickets', 'ticket_id'), (SELECT max(ticket_id) FROM public.tickets));
SELECT setval(pg_get_serial_sequence('public.payments', 'payment_id'), (SELECT max(payment_id) FROM public.payments));
SELECT setval(pg_get_serial_sequence('public.wishlist', 'wishlist_id'), (SELECT max(wishlist_id) FROM public.wishlist));
SELECT setval(pg_get_serial_sequence('public.reviews', 'review_id'), (SELECT max(review_id) FROM public.reviews));

-- Demo project permissions for Supabase REST access.
GRANT USAGE ON SCHEMA public TO anon, authenticated;
GRANT SELECT, INSERT, UPDATE, DELETE ON ALL TABLES IN SCHEMA public TO anon, authenticated;
GRANT USAGE, SELECT ON ALL SEQUENCES IN SCHEMA public TO anon, authenticated;
GRANT EXECUTE ON FUNCTION public.event_rating_summary() TO anon, authenticated;
GRANT EXECUTE ON FUNCTION public.event_sales_report() TO anon, authenticated;
GRANT EXECUTE ON FUNCTION public.sync_user_name() TO anon, authenticated;
GRANT EXECUTE ON FUNCTION public.sync_category_name() TO anon, authenticated;
GRANT EXECUTE ON FUNCTION public.sync_organizer_name() TO anon, authenticated;
